{"cameraMode":{"drawMode":0,"name":"Shaded","section":"Shading Mode"},"sceneLighting":false,"audioPlay":false,"sceneViewState":{"m_AlwaysRefresh":false,"showFog":true,"showSkybox":false,"showFlares":true,"showImageEffects":true,"showParticleSystems":true,"showVisualEffectGraphs":true,"m_FxEnabled":true},"in2DMode":false,"pivot":{"x":1.4246174097061158,"y":1.2284482717514039,"z":1.5663594007492066},"rotation":{"x":-0.128832146525383,"y":-0.04253239557147026,"z":0.005526816006749868,"w":-0.9907498359680176},"size":3.226233720779419,"orthographic":false}