{"cameraMode":{"drawMode":0,"name":"Shaded","section":"Shading Mode"},"sceneLighting":false,"audioPlay":false,"sceneViewState":{"m_AlwaysRefresh":false,"showFog":true,"showSkybox":false,"showFlares":true,"showImageEffects":true,"showParticleSystems":true,"showVisualEffectGraphs":true,"m_FxEnabled":true},"in2DMode":false,"pivot":{"x":539.3597412109375,"y":3.5879597663879396,"z":244.32032775878907},"rotation":{"x":-0.005609691608697176,"y":0.9912949800491333,"z":-0.044945985078811648,"w":-0.12375430017709732},"size":7.884791374206543,"orthographic":false}